vegtype,landcoverclass,cc,hcan,LAI,ycage
Open Water,11,0,0,0,2
Perennial Ice/Snow,12,0,0,0,2
"Developed, Open Space",21,0,0,0,2
"Developed, Low",22,0,0,0,2
"Developed, Medium Intensity",23,0,0,0,2
Developed High Intensity,24,0,0,0,2
Barren Land (Rock/Sand/Clay) ,31,0,0,0,2
Deciduous Forest ,41,0.5,8,1,2
Evergreen Forest ,42,0.7,15,4.5,3
Mixed Forest ,43,0.8,10,4,2
Dwarf Scrub ,51,0,0,0,2
Shrub/Scrub ,52,0.5,3,1,2
Grassland/Herbaceous ,71,0,0,0,2
Sedge/Herbaceous ,72,0,0,0,2
Lichens ,73,0,0,0,2
Moss ,74,0,0,0,2
Pasture/Hay,81,0,0,0,2
Cultivated Crops ,82,0,0,0,2
Woody Wetlands ,90,0.5,8,1,2
Emergent Herbaceous Wetlands ,95,0,0,0,2
